<?xml version="1.0" encoding="UTF-8"?>
<metadata xml:lang="sv"><Esri><CreaDate>20131205</CreaDate><CreaTime>16250000</CreaTime><ArcGISFormat>1.0</ArcGISFormat><SyncOnce>FALSE</SyncOnce><DataProperties><itemProps><itemName Sync="TRUE">__pgsql2shp7520_tmp_table</itemName><imsContentType Sync="TRUE">002</imsContentType><nativeExtBox><westBL Sync="TRUE">4062955.569343</westBL><eastBL Sync="TRUE">4646582.492353</eastBL><southBL Sync="TRUE">3164156.338768</southBL><northBL Sync="TRUE">4704921.564581</northBL><exTypeCode Sync="TRUE">1</exTypeCode></nativeExtBox><itemSize Sync="TRUE">40.591</itemSize><itemLocation><linkage Sync="TRUE">file://\\RTD08011\D\Topografi\Topografipolygoner\GIS_qviz\7520\__pgsql2shp7520_tmp_table.shp</linkage><protocol Sync="TRUE">Local Area Network</protocol></itemLocation></itemProps></DataProperties><SyncDate>20131205</SyncDate><SyncTime>16250000</SyncTime><ModDate>20131205</ModDate><ModTime>16250000</ModTime></Esri><dataIdInfo><envirDesc Sync="TRUE">Microsoft Windows XP Version 5.1 (Build 2600) Service Pack 3; Esri ArcGIS 10.2.0.3348</envirDesc><dataLang><languageCode value="sv" Sync="TRUE"></languageCode><countryCode value="SE" Sync="TRUE"></countryCode></dataLang><idCitation><resTitle Sync="TRUE">__pgsql2shp7520_tmp_table</resTitle><presForm><PresFormCd value="005" Sync="TRUE"></PresFormCd></presForm></idCitation><spatRpType><SpatRepTypCd value="001" Sync="TRUE"></SpatRepTypCd></spatRpType></dataIdInfo><mdLang><languageCode value="sv" Sync="TRUE"></languageCode><countryCode value="SE" Sync="TRUE"></countryCode></mdLang><mdChar><CharSetCd value="004" Sync="TRUE"></CharSetCd></mdChar><distInfo><distFormat><formatName Sync="TRUE">Shapefile</formatName></distFormat><distTranOps><transSize Sync="TRUE">40.591</transSize></distTranOps></distInfo><mdHrLv><ScopeCd value="005" Sync="TRUE"></ScopeCd></mdHrLv><mdHrLvName Sync="TRUE">dataset</mdHrLvName><spatRepInfo><VectSpatRep><geometObjs Name="__pgsql2shp7520_tmp_table"><geoObjTyp><GeoObjTypCd value="002" Sync="TRUE"></GeoObjTypCd></geoObjTyp><geoObjCnt Sync="TRUE">9346</geoObjCnt></geometObjs><topLvl><TopoLevCd value="001" Sync="TRUE"></TopoLevCd></topLvl></VectSpatRep></spatRepInfo><spdoinfo><ptvctinf><esriterm Name="__pgsql2shp7520_tmp_table"><efeatyp Sync="TRUE">Simple</efeatyp><efeageom code="4" Sync="TRUE"></efeageom><esritopo Sync="TRUE">FALSE</esritopo><efeacnt Sync="TRUE">9346</efeacnt><spindex Sync="TRUE">FALSE</spindex><linrefer Sync="TRUE">FALSE</linrefer></esriterm></ptvctinf></spdoinfo><eainfo><detailed Name="__pgsql2shp7520_tmp_table"><enttyp><enttypl Sync="TRUE">__pgsql2shp7520_tmp_table</enttypl><enttypt Sync="TRUE">Feature Class</enttypt><enttypc Sync="TRUE">9346</enttypc></enttyp><attr><attrlabl Sync="TRUE">FID</attrlabl><attalias Sync="TRUE">FID</attalias><attrtype Sync="TRUE">OID</attrtype><attwidth Sync="TRUE">4</attwidth><atprecis Sync="TRUE">0</atprecis><attscale Sync="TRUE">0</attscale><attrdef Sync="TRUE">Internal feature number.</attrdef><attrdefs Sync="TRUE">Esri</attrdefs><attrdomv><udom Sync="TRUE">Sequential unique whole numbers that are automatically generated.</udom></attrdomv></attr><attr><attrlabl Sync="TRUE">Shape</attrlabl><attalias Sync="TRUE">Shape</attalias><attrtype Sync="TRUE">Geometry</attrtype><attwidth Sync="TRUE">0</attwidth><atprecis Sync="TRUE">0</atprecis><attscale Sync="TRUE">0</attscale><attrdef Sync="TRUE">Feature geometry.</attrdef><attrdefs Sync="TRUE">Esri</attrdefs><attrdomv><udom Sync="TRUE">Coordinates defining the features.</udom></attrdomv></attr><attr><attrlabl Sync="TRUE">GET_END_YE</attrlabl><attalias Sync="TRUE">GET_END_YE</attalias><attrtype Sync="TRUE">Double</attrtype><attwidth Sync="TRUE">11</attwidth><atprecis Sync="TRUE">11</atprecis><attscale Sync="TRUE">0</attscale></attr><attr><attrlabl Sync="TRUE">GET_START_</attrlabl><attalias Sync="TRUE">GET_START_</attalias><attrtype Sync="TRUE">Double</attrtype><attwidth Sync="TRUE">11</attwidth><atprecis Sync="TRUE">11</atprecis><attscale Sync="TRUE">0</attscale></attr><attr><attrlabl Sync="TRUE">G_UNIT_TYP</attrlabl><attalias Sync="TRUE">G_UNIT_TYP</attalias><attrtype Sync="TRUE">String</attrtype><attwidth Sync="TRUE">16</attwidth><atprecis Sync="TRUE">0</atprecis><attscale Sync="TRUE">0</attscale></attr><attr><attrlabl Sync="TRUE">G_UNIT</attrlabl><attalias Sync="TRUE">G_UNIT</attalias><attrtype Sync="TRUE">Double</attrtype><attwidth Sync="TRUE">32</attwidth><atprecis Sync="TRUE">31</atprecis><attscale Sync="TRUE">10</attscale></attr><attr><attrlabl Sync="TRUE">G_SEQ</attrlabl><attalias Sync="TRUE">G_SEQ</attalias><attrtype Sync="TRUE">Double</attrtype><attwidth Sync="TRUE">32</attwidth><atprecis Sync="TRUE">31</atprecis><attscale Sync="TRUE">10</attscale></attr></detailed></eainfo><mdDateSt Sync="TRUE">20131205</mdDateSt></metadata>
